{
    "step": 12,
    "eval_loss": 0.5312929153442383,
    "eval_accuracy": 0.8125,
    "eval_runtime": 0.0645,
    "eval_samples_per_second": 247.925,
    "eval_steps_per_second": 15.495,
    "epoch": 12.0,
    "train_runtime": 52.3729,
    "train_samples_per_second": 32.994,
    "train_steps_per_second": 4.124,
    "train_loss": 0.5713432100084093
}